<?xml version="1.0" encoding="UTF-8"?>
<project-private xmlns="http://www.netbeans.org/ns/project-private/1">
    <editor-bookmarks xmlns="http://www.netbeans.org/ns/editor-bookmarks/2" lastBookmarkId="0"/>
    <open-files xmlns="http://www.netbeans.org/ns/projectui-open-files/2">
        <group>
            <file>file:/C:/Users/Morok/OneDrive/Desktop/YouthConnectWebApp/web/register_activity_outcome.jsp</file>
            <file>file:/C:/Users/Morok/OneDrive/Desktop/YouthConnectWebApp/web/register_activity.jsp</file>
            <file>file:/C:/Users/Morok/OneDrive/Desktop/YouthConnectWebApp/web/index.html</file>
            <file>file:/C:/Users/Morok/OneDrive/Desktop/YouthConnectWebApp/src/java/servlets/RegisterActivityServlet.java</file>
        </group>
    </open-files>
</project-private>
