<?xml version="1.0" encoding="UTF-8"?>
<project-private xmlns="http://www.netbeans.org/ns/project-private/1">
    <editor-bookmarks xmlns="http://www.netbeans.org/ns/editor-bookmarks/2" lastBookmarkId="0"/>
    <open-files xmlns="http://www.netbeans.org/ns/projectui-open-files/2">
        <group>
            <file>file:/C:/Users/Morok/Downloads/INT316-YOUTH-CONNECTER-WEB-APP-main/INT316-YOUTH-CONNECTER-WEB-APP-main/YouthConnectWebApp/web/get_all_activities_outcome.jsp</file>
            <file>file:/C:/Users/Morok/Downloads/INT316-YOUTH-CONNECTER-WEB-APP-main/INT316-YOUTH-CONNECTER-WEB-APP-main/YouthConnectWebApp/web/get_all_registered_youth_outcome.jsp</file>
            <file>file:/C:/Users/Morok/Downloads/INT316-YOUTH-CONNECTER-WEB-APP-main/INT316-YOUTH-CONNECTER-WEB-APP-main/YouthConnectWebApp/src/java/servlets/GetAllActivitiesYouthServlet.java</file>
            <file>file:/C:/Users/Morok/Downloads/INT316-YOUTH-CONNECTER-WEB-APP-main/INT316-YOUTH-CONNECTER-WEB-APP-main/YouthConnectWebApp/web/menu.jsp</file>
            <file>file:/C:/Users/Morok/Downloads/INT316-YOUTH-CONNECTER-WEB-APP-main/INT316-YOUTH-CONNECTER-WEB-APP-main/YouthConnectWebApp/web/get_all_the_activities.jsp</file>
        </group>
    </open-files>
</project-private>
